lake,date_time,temp_c,depth
soapstone,2021-08-28T11:00:00Z,15.629,sediment
soapstone,2021-08-28T12:00:00Z,16.677,sediment
soapstone,2021-08-28T13:00:00Z,17.391,sediment
soapstone,2021-08-28T14:00:00Z,18.033,sediment
soapstone,2021-08-28T15:00:00Z,18.366,sediment
soapstone,2021-08-28T16:00:00Z,18.889,sediment
soapstone,2021-08-28T17:00:00Z,19.08,sediment
soapstone,2021-08-28T18:00:00Z,19.103,sediment
soapstone,2021-08-28T19:00:00Z,19.08,sediment
soapstone,2021-08-28T20:00:00Z,19.151,sediment
soapstone,2021-08-28T21:00:00Z,19.032,sediment
soapstone,2021-08-28T22:00:00Z,18.985,sediment
soapstone,2021-08-28T23:00:00Z,18.961,sediment
soapstone,2021-08-29T00:00:00Z,18.889,sediment
soapstone,2021-08-29T01:00:00Z,18.794,sediment
soapstone,2021-08-29T02:00:00Z,18.604,sediment
soapstone,2021-08-29T03:00:00Z,18.271,sediment
soapstone,2021-08-29T04:00:00Z,17.915,sediment
soapstone,2021-08-29T05:00:00Z,17.582,sediment
soapstone,2021-08-29T06:00:00Z,17.344,sediment
soapstone,2021-08-29T07:00:00Z,17.058,sediment
soapstone,2021-08-29T08:00:00Z,16.82,sediment
soapstone,2021-08-29T09:00:00Z,16.582,sediment
soapstone,2021-08-29T10:00:00Z,16.63,sediment
soapstone,2021-08-29T11:00:00Z,16.892,sediment
soapstone,2021-08-29T12:00:00Z,17.344,sediment
soapstone,2021-08-29T13:00:00Z,17.724,sediment
soapstone,2021-08-29T14:00:00Z,18.224,sediment
soapstone,2021-08-29T15:00:00Z,18.628,sediment
soapstone,2021-08-29T16:00:00Z,18.818,sediment
soapstone,2021-08-29T17:00:00Z,19.008,sediment
soapstone,2021-08-29T18:00:00Z,19.032,sediment
soapstone,2021-08-29T19:00:00Z,19.103,sediment
soapstone,2021-08-29T20:00:00Z,19.008,sediment
soapstone,2021-08-29T21:00:00Z,18.985,sediment
soapstone,2021-08-29T22:00:00Z,18.937,sediment
soapstone,2021-08-29T23:00:00Z,18.889,sediment
soapstone,2021-08-30T00:00:00Z,18.652,sediment
soapstone,2021-08-30T01:00:00Z,18.39,sediment
soapstone,2021-08-30T02:00:00Z,18.033,sediment
soapstone,2021-08-30T03:00:00Z,17.701,sediment
soapstone,2021-08-30T04:00:00Z,17.391,sediment
soapstone,2021-08-30T05:00:00Z,16.987,sediment
soapstone,2021-08-30T06:00:00Z,16.606,sediment
soapstone,2021-08-30T07:00:00Z,16.272,sediment
soapstone,2021-08-30T08:00:00Z,15.986,sediment
soapstone,2021-08-30T09:00:00Z,15.915,sediment
soapstone,2021-08-30T10:00:00Z,16.01,sediment
soapstone,2021-08-30T11:00:00Z,16.272,sediment
soapstone,2021-08-30T12:00:00Z,16.606,sediment
soapstone,2021-08-30T13:00:00Z,17.106,sediment
soapstone,2021-08-30T14:00:00Z,17.368,sediment
soapstone,2021-08-30T15:00:00Z,17.629,sediment
soapstone,2021-08-30T16:00:00Z,17.915,sediment
soapstone,2021-08-30T17:00:00Z,17.986,sediment
soapstone,2021-08-30T18:00:00Z,18.01,sediment
soapstone,2021-08-30T19:00:00Z,18.081,sediment
soapstone,2021-08-30T20:00:00Z,18.033,sediment
soapstone,2021-08-30T21:00:00Z,18.01,sediment
soapstone,2021-08-30T22:00:00Z,18.01,sediment
soapstone,2021-08-30T23:00:00Z,17.867,sediment
soapstone,2021-08-31T00:00:00Z,17.486,sediment
soapstone,2021-08-31T01:00:00Z,17.201,sediment
soapstone,2021-08-31T02:00:00Z,16.868,sediment
soapstone,2021-08-31T03:00:00Z,16.487,sediment
soapstone,2021-08-31T04:00:00Z,16.129,sediment
soapstone,2021-08-31T05:00:00Z,15.7,sediment
soapstone,2021-08-31T06:00:00Z,15.294,sediment
soapstone,2021-08-31T07:00:00Z,14.888,sediment
soapstone,2021-08-31T08:00:00Z,14.577,sediment
soapstone,2021-08-31T09:00:00Z,14.433,sediment
soapstone,2021-08-31T10:00:00Z,14.505,sediment
soapstone,2021-08-31T11:00:00Z,14.768,sediment
soapstone,2021-08-31T12:00:00Z,15.199,sediment
soapstone,2021-08-31T13:00:00Z,15.843,sediment
soapstone,2021-08-31T14:00:00Z,16.654,sediment
soapstone,2021-08-31T15:00:00Z,17.13,sediment
soapstone,2021-08-31T16:00:00Z,17.486,sediment
soapstone,2021-08-31T17:00:00Z,17.605,sediment
soapstone,2021-08-31T18:00:00Z,17.748,sediment
soapstone,2021-08-31T19:00:00Z,17.748,sediment
soapstone,2021-08-31T20:00:00Z,17.724,sediment
soapstone,2021-08-31T21:00:00Z,17.701,sediment
soapstone,2021-08-31T22:00:00Z,17.701,sediment
soapstone,2021-08-31T23:00:00Z,17.677,sediment
soapstone,2021-09-01T00:00:00Z,17.415,sediment
soapstone,2021-09-01T01:00:00Z,16.963,sediment
soapstone,2021-09-01T02:00:00Z,16.582,sediment
soapstone,2021-09-01T03:00:00Z,16.272,sediment
soapstone,2021-09-01T04:00:00Z,15.986,sediment
soapstone,2021-09-01T05:00:00Z,15.557,sediment
soapstone,2021-09-01T06:00:00Z,15.175,sediment
soapstone,2021-09-01T07:00:00Z,14.745,sediment
soapstone,2021-09-01T08:00:00Z,14.505,sediment
soapstone,2021-09-01T09:00:00Z,14.361,sediment
soapstone,2021-09-01T10:00:00Z,14.481,sediment
soapstone,2021-09-01T11:00:00Z,14.792,sediment
soapstone,2021-09-01T12:00:00Z,15.247,sediment
soapstone,2021-09-01T13:00:00Z,15.724,sediment
soapstone,2021-09-01T14:00:00Z,16.344,sediment
soapstone,2021-09-01T15:00:00Z,16.868,sediment
soapstone,2021-09-01T16:00:00Z,17.344,sediment
soapstone,2021-09-01T17:00:00Z,17.534,sediment
soapstone,2021-09-01T18:00:00Z,17.558,sediment
soapstone,2021-09-01T19:00:00Z,17.677,sediment
soapstone,2021-09-01T20:00:00Z,17.582,sediment
soapstone,2021-09-01T21:00:00Z,17.558,sediment
soapstone,2021-09-01T22:00:00Z,17.534,sediment
soapstone,2021-09-01T23:00:00Z,17.51,sediment
soapstone,2021-09-02T00:00:00Z,17.344,sediment
soapstone,2021-09-02T01:00:00Z,17.011,sediment
soapstone,2021-09-02T02:00:00Z,16.439,sediment
soapstone,2021-09-02T03:00:00Z,16.058,sediment
soapstone,2021-09-02T04:00:00Z,15.748,sediment
soapstone,2021-09-02T05:00:00Z,15.438,sediment
soapstone,2021-09-02T06:00:00Z,15.103,sediment
soapstone,2021-09-02T07:00:00Z,14.768,sediment
soapstone,2021-09-02T08:00:00Z,14.505,sediment
soapstone,2021-09-02T09:00:00Z,14.361,sediment
soapstone,2021-09-02T10:00:00Z,14.433,sediment
soapstone,2021-09-02T11:00:00Z,14.577,sediment
soapstone,2021-09-02T12:00:00Z,14.912,sediment
soapstone,2021-09-02T13:00:00Z,15.27,sediment
soapstone,2021-09-02T14:00:00Z,15.581,sediment
soapstone,2021-09-02T15:00:00Z,16.058,sediment
soapstone,2021-09-02T16:00:00Z,16.463,sediment
soapstone,2021-09-02T17:00:00Z,16.63,sediment
soapstone,2021-09-02T18:00:00Z,16.701,sediment
soapstone,2021-09-02T19:00:00Z,16.725,sediment
soapstone,2021-09-02T20:00:00Z,16.701,sediment
soapstone,2021-09-02T21:00:00Z,16.725,sediment
soapstone,2021-09-02T22:00:00Z,16.701,sediment
soapstone,2021-09-02T23:00:00Z,16.654,sediment
soapstone,2021-09-03T00:00:00Z,16.296,sediment
soapstone,2021-09-03T01:00:00Z,15.915,sediment
soapstone,2021-09-03T02:00:00Z,15.676,sediment
soapstone,2021-09-03T03:00:00Z,15.438,sediment
soapstone,2021-09-03T04:00:00Z,15.031,sediment
soapstone,2021-09-03T05:00:00Z,14.481,sediment
soapstone,2021-09-03T06:00:00Z,14.122,sediment
soapstone,2021-09-03T07:00:00Z,13.738,sediment
soapstone,2021-09-03T08:00:00Z,13.449,sediment
soapstone,2021-09-03T09:00:00Z,13.281,sediment
soapstone,2021-09-03T10:00:00Z,13.305,sediment
soapstone,2021-09-03T11:00:00Z,13.786,sediment
soapstone,2021-09-03T12:00:00Z,14.098,sediment
soapstone,2021-09-03T13:00:00Z,14.625,sediment
soapstone,2021-09-03T14:00:00Z,15.294,sediment
soapstone,2021-09-03T15:00:00Z,15.7,sediment
soapstone,2021-09-03T16:00:00Z,16.153,sediment
soapstone,2021-09-03T17:00:00Z,16.344,sediment
soapstone,2021-09-03T18:00:00Z,16.368,sediment
soapstone,2021-09-03T19:00:00Z,16.415,sediment
soapstone,2021-09-03T20:00:00Z,16.392,sediment
soapstone,2021-09-03T21:00:00Z,16.392,sediment
soapstone,2021-09-03T22:00:00Z,16.368,sediment
soapstone,2021-09-03T23:00:00Z,16.368,sediment
soapstone,2021-09-04T00:00:00Z,16.106,sediment
soapstone,2021-09-04T01:00:00Z,15.676,sediment
soapstone,2021-09-04T02:00:00Z,15.366,sediment
soapstone,2021-09-04T03:00:00Z,15.008,sediment
soapstone,2021-09-04T04:00:00Z,14.601,sediment
soapstone,2021-09-04T05:00:00Z,14.314,sediment
soapstone,2021-09-04T06:00:00Z,13.906,sediment
soapstone,2021-09-04T07:00:00Z,13.618,sediment
soapstone,2021-09-04T08:00:00Z,13.281,sediment
soapstone,2021-09-04T09:00:00Z,13.185,sediment
soapstone,2021-09-04T10:00:00Z,13.185,sediment
soapstone,2021-09-04T11:00:00Z,13.377,sediment
soapstone,2021-09-04T12:00:00Z,13.81,sediment
soapstone,2021-09-04T13:00:00Z,14.433,sediment
soapstone,2021-09-04T14:00:00Z,15.199,sediment
soapstone,2021-09-04T15:00:00Z,15.676,sediment
soapstone,2021-09-04T16:00:00Z,16.082,sediment
soapstone,2021-09-04T17:00:00Z,16.439,sediment
soapstone,2021-09-04T18:00:00Z,16.344,sediment
soapstone,2021-09-04T19:00:00Z,16.439,sediment
soapstone,2021-09-04T20:00:00Z,16.392,sediment
soapstone,2021-09-04T21:00:00Z,16.392,sediment
soapstone,2021-09-04T22:00:00Z,16.344,sediment
soapstone,2021-09-04T23:00:00Z,16.344,sediment
soapstone,2021-09-05T00:00:00Z,16.344,sediment
soapstone,2021-09-05T01:00:00Z,16.272,sediment
soapstone,2021-09-05T02:00:00Z,16.106,sediment
soapstone,2021-09-05T03:00:00Z,15.748,sediment
soapstone,2021-09-05T04:00:00Z,15.366,sediment
soapstone,2021-09-05T05:00:00Z,15.079,sediment
soapstone,2021-09-05T06:00:00Z,14.721,sediment
soapstone,2021-09-05T07:00:00Z,14.409,sediment
soapstone,2021-09-05T08:00:00Z,14.098,sediment
soapstone,2021-09-05T09:00:00Z,13.978,sediment
soapstone,2021-09-05T10:00:00Z,13.81,sediment
soapstone,2021-09-05T11:00:00Z,14.146,sediment
soapstone,2021-09-05T12:00:00Z,14.577,sediment
soapstone,2021-09-05T13:00:00Z,15.294,sediment
soapstone,2021-09-05T14:00:00Z,16.058,sediment
soapstone,2021-09-05T15:00:00Z,16.63,sediment
soapstone,2021-09-05T16:00:00Z,17.201,sediment
soapstone,2021-09-05T17:00:00Z,17.153,sediment
soapstone,2021-09-05T18:00:00Z,17.201,sediment
soapstone,2021-09-05T19:00:00Z,17.249,sediment
soapstone,2021-09-05T20:00:00Z,17.177,sediment
soapstone,2021-09-05T21:00:00Z,17.153,sediment
soapstone,2021-09-05T22:00:00Z,17.13,sediment
soapstone,2021-09-05T23:00:00Z,17.106,sediment
soapstone,2021-09-06T00:00:00Z,17.034,sediment
soapstone,2021-09-06T01:00:00Z,16.82,sediment
soapstone,2021-09-06T02:00:00Z,16.415,sediment
soapstone,2021-09-06T03:00:00Z,15.939,sediment
soapstone,2021-09-06T04:00:00Z,15.652,sediment
soapstone,2021-09-06T05:00:00Z,15.318,sediment
soapstone,2021-09-06T06:00:00Z,14.912,sediment
soapstone,2021-09-06T07:00:00Z,14.553,sediment
soapstone,2021-09-06T08:00:00Z,14.194,sediment
soapstone,2021-09-06T09:00:00Z,13.906,sediment
soapstone,2021-09-06T10:00:00Z,13.93,sediment
soapstone,2021-09-06T11:00:00Z,14.385,sediment
soapstone,2021-09-06T12:00:00Z,14.888,sediment
soapstone,2021-09-06T13:00:00Z,15.485,sediment
soapstone,2021-09-06T14:00:00Z,16.201,sediment
soapstone,2021-09-06T15:00:00Z,16.773,sediment
soapstone,2021-09-06T16:00:00Z,17.415,sediment
soapstone,2021-09-06T17:00:00Z,17.344,sediment
soapstone,2021-09-06T18:00:00Z,17.486,sediment
soapstone,2021-09-06T19:00:00Z,17.391,sediment
soapstone,2021-09-06T20:00:00Z,17.415,sediment
soapstone,2021-09-06T21:00:00Z,17.368,sediment
soapstone,2021-09-06T22:00:00Z,17.344,sediment
soapstone,2021-09-06T23:00:00Z,17.32,sediment
soapstone,2021-09-07T00:00:00Z,17.272,sediment
soapstone,2021-09-07T01:00:00Z,17.034,sediment
soapstone,2021-09-07T02:00:00Z,16.749,sediment
soapstone,2021-09-07T03:00:00Z,16.392,sediment
soapstone,2021-09-07T04:00:00Z,16.058,sediment
soapstone,2021-09-07T05:00:00Z,15.748,sediment
soapstone,2021-09-07T06:00:00Z,15.414,sediment
soapstone,2021-09-07T07:00:00Z,15.127,sediment
soapstone,2021-09-07T08:00:00Z,14.84,sediment
soapstone,2021-09-07T09:00:00Z,14.625,sediment
soapstone,2021-09-07T10:00:00Z,14.601,sediment
soapstone,2021-09-07T11:00:00Z,15.055,sediment
soapstone,2021-09-07T12:00:00Z,15.652,sediment
soapstone,2021-09-07T13:00:00Z,16.225,sediment
soapstone,2021-09-07T14:00:00Z,16.939,sediment
soapstone,2021-09-07T15:00:00Z,17.653,sediment
soapstone,2021-09-07T16:00:00Z,18.129,sediment
soapstone,2021-09-07T17:00:00Z,18.105,sediment
soapstone,2021-09-07T18:00:00Z,18.2,sediment
soapstone,2021-09-07T19:00:00Z,18.129,sediment
soapstone,2021-09-07T20:00:00Z,18.105,sediment
soapstone,2021-09-07T21:00:00Z,18.057,sediment
soapstone,2021-09-07T22:00:00Z,18.057,sediment
soapstone,2021-09-07T23:00:00Z,18.01,sediment
soapstone,2021-09-08T00:00:00Z,17.986,sediment
soapstone,2021-09-08T01:00:00Z,17.962,sediment
soapstone,2021-09-08T02:00:00Z,17.938,sediment
soapstone,2021-09-08T03:00:00Z,17.891,sediment
soapstone,2021-09-08T04:00:00Z,17.867,sediment
soapstone,2021-09-08T05:00:00Z,17.653,sediment
soapstone,2021-09-08T06:00:00Z,17.368,sediment
soapstone,2021-09-08T07:00:00Z,17.177,sediment
soapstone,2021-09-08T08:00:00Z,16.892,sediment
soapstone,2021-09-08T09:00:00Z,16.868,sediment
soapstone,2021-09-08T10:00:00Z,16.892,sediment
soapstone,2021-09-08T11:00:00Z,17.13,sediment
soapstone,2021-09-08T12:00:00Z,17.558,sediment
soapstone,2021-09-08T13:00:00Z,17.986,sediment
soapstone,2021-09-08T14:00:00Z,18.438,sediment
soapstone,2021-09-08T15:00:00Z,18.866,sediment
soapstone,2021-09-08T16:00:00Z,19.175,sediment
soapstone,2021-09-08T17:00:00Z,19.389,sediment
soapstone,2021-09-08T18:00:00Z,19.341,sediment
soapstone,2021-09-08T19:00:00Z,19.294,sediment
soapstone,2021-09-08T20:00:00Z,19.27,sediment
soapstone,2021-09-08T21:00:00Z,19.199,sediment
soapstone,2021-09-08T22:00:00Z,19.151,sediment
soapstone,2021-09-08T23:00:00Z,19.103,sediment
soapstone,2021-09-09T00:00:00Z,19.056,sediment
soapstone,2021-09-09T01:00:00Z,18.985,sediment
soapstone,2021-09-09T02:00:00Z,18.866,sediment
soapstone,2021-09-09T03:00:00Z,18.604,sediment
soapstone,2021-09-09T04:00:00Z,18.39,sediment
soapstone,2021-09-09T05:00:00Z,18.129,sediment
soapstone,2021-09-09T06:00:00Z,17.701,sediment
soapstone,2021-09-09T07:00:00Z,17.368,sediment
soapstone,2021-09-09T08:00:00Z,17.034,sediment
soapstone,2021-09-09T09:00:00Z,16.844,sediment
soapstone,2021-09-09T10:00:00Z,16.868,sediment
soapstone,2021-09-09T11:00:00Z,17.296,sediment
soapstone,2021-09-09T12:00:00Z,17.677,sediment
soapstone,2021-09-09T13:00:00Z,17.938,sediment
soapstone,2021-09-09T14:00:00Z,18.2,sediment
soapstone,2021-09-09T15:00:00Z,18.675,sediment
soapstone,2021-09-09T16:00:00Z,18.771,sediment
soapstone,2021-09-09T17:00:00Z,18.842,sediment
soapstone,2021-09-09T18:00:00Z,18.866,sediment
soapstone,2021-09-09T19:00:00Z,18.866,sediment
soapstone,2021-09-09T20:00:00Z,18.818,sediment
soapstone,2021-09-09T21:00:00Z,18.771,sediment
soapstone,2021-09-09T22:00:00Z,18.818,sediment
soapstone,2021-09-09T23:00:00Z,18.723,sediment
soapstone,2021-09-10T00:00:00Z,18.675,sediment
soapstone,2021-09-10T01:00:00Z,18.652,sediment
soapstone,2021-09-10T02:00:00Z,18.509,sediment
soapstone,2021-09-10T03:00:00Z,18.247,sediment
soapstone,2021-09-10T04:00:00Z,17.891,sediment
soapstone,2021-09-10T05:00:00Z,17.558,sediment
soapstone,2021-09-10T06:00:00Z,17.415,sediment
soapstone,2021-09-10T07:00:00Z,17.272,sediment
soapstone,2021-09-10T08:00:00Z,17.153,sediment
soapstone,2021-09-10T09:00:00Z,16.987,sediment
soapstone,2021-09-10T10:00:00Z,17.011,sediment
soapstone,2021-09-10T11:00:00Z,17.082,sediment
soapstone,2021-09-10T12:00:00Z,17.486,sediment
soapstone,2021-09-10T13:00:00Z,17.915,sediment
soapstone,2021-09-10T14:00:00Z,18.343,sediment
soapstone,2021-09-10T15:00:00Z,18.723,sediment
soapstone,2021-09-10T16:00:00Z,18.794,sediment
soapstone,2021-09-10T17:00:00Z,18.889,sediment
soapstone,2021-09-10T18:00:00Z,18.866,sediment
soapstone,2021-09-10T19:00:00Z,18.937,sediment
soapstone,2021-09-10T20:00:00Z,18.866,sediment
soapstone,2021-09-10T21:00:00Z,18.818,sediment
soapstone,2021-09-10T22:00:00Z,18.747,sediment
soapstone,2021-09-10T23:00:00Z,18.485,sediment
soapstone,2021-09-11T00:00:00Z,18.081,sediment
soapstone,2021-09-11T01:00:00Z,17.796,sediment
soapstone,2021-09-11T02:00:00Z,17.463,sediment
soapstone,2021-09-11T03:00:00Z,17.177,sediment
soapstone,2021-09-11T04:00:00Z,16.82,sediment
soapstone,2021-09-11T05:00:00Z,16.439,sediment
soapstone,2021-09-11T06:00:00Z,16.249,sediment
soapstone,2021-09-11T07:00:00Z,15.843,sediment
soapstone,2021-09-11T08:00:00Z,15.485,sediment
soapstone,2021-09-11T09:00:00Z,15.294,sediment
soapstone,2021-09-11T10:00:00Z,15.342,sediment
soapstone,2021-09-11T11:00:00Z,15.652,sediment
soapstone,2021-09-11T12:00:00Z,15.843,sediment
soapstone,2021-09-11T13:00:00Z,16.463,sediment
soapstone,2021-09-11T14:00:00Z,17.034,sediment
soapstone,2021-09-11T15:00:00Z,17.653,sediment
soapstone,2021-09-11T16:00:00Z,17.891,sediment
soapstone,2021-09-11T17:00:00Z,18.105,sediment
soapstone,2021-09-11T18:00:00Z,18.176,sediment
soapstone,2021-09-11T19:00:00Z,18.152,sediment
soapstone,2021-09-11T20:00:00Z,18.129,sediment
soapstone,2021-09-11T21:00:00Z,18.129,sediment
soapstone,2021-09-11T22:00:00Z,18.105,sediment
soapstone,2021-09-11T23:00:00Z,18.081,sediment
soapstone,2021-09-12T00:00:00Z,18.033,sediment
soapstone,2021-09-12T01:00:00Z,17.796,sediment
soapstone,2021-09-12T02:00:00Z,17.415,sediment
soapstone,2021-09-12T03:00:00Z,17.13,sediment
soapstone,2021-09-12T04:00:00Z,16.773,sediment
soapstone,2021-09-12T05:00:00Z,16.32,sediment
soapstone,2021-09-12T06:00:00Z,16.106,sediment
soapstone,2021-09-12T07:00:00Z,15.772,sediment
soapstone,2021-09-12T08:00:00Z,15.485,sediment
soapstone,2021-09-12T09:00:00Z,15.414,sediment
soapstone,2021-09-12T10:00:00Z,15.366,sediment
soapstone,2021-09-12T11:00:00Z,15.629,sediment
soapstone,2021-09-12T12:00:00Z,16.177,sediment
soapstone,2021-09-12T13:00:00Z,16.796,sediment
soapstone,2021-09-12T14:00:00Z,17.415,sediment
soapstone,2021-09-12T15:00:00Z,17.891,sediment
soapstone,2021-09-12T16:00:00Z,18.2,sediment
soapstone,2021-09-12T17:00:00Z,18.247,sediment
soapstone,2021-09-12T18:00:00Z,18.366,sediment
soapstone,2021-09-12T19:00:00Z,18.343,sediment
soapstone,2021-09-12T20:00:00Z,18.319,sediment
soapstone,2021-09-12T21:00:00Z,18.295,sediment
soapstone,2021-09-12T22:00:00Z,18.247,sediment
soapstone,2021-09-12T23:00:00Z,18.2,sediment
soapstone,2021-09-13T00:00:00Z,18.01,sediment
soapstone,2021-09-13T01:00:00Z,17.677,sediment
soapstone,2021-09-13T02:00:00Z,17.296,sediment
soapstone,2021-09-13T03:00:00Z,16.963,sediment
soapstone,2021-09-13T04:00:00Z,16.63,sediment
soapstone,2021-09-13T05:00:00Z,16.225,sediment
soapstone,2021-09-13T06:00:00Z,15.891,sediment
soapstone,2021-09-13T07:00:00Z,15.509,sediment
soapstone,2021-09-13T08:00:00Z,15.151,sediment
soapstone,2021-09-13T09:00:00Z,14.912,sediment
soapstone,2021-09-13T10:00:00Z,14.864,sediment
soapstone,2021-09-13T11:00:00Z,15.294,sediment
soapstone,2021-09-13T12:00:00Z,15.891,sediment
soapstone,2021-09-13T13:00:00Z,16.654,sediment
soapstone,2021-09-13T14:00:00Z,17.201,sediment
soapstone,2021-09-13T15:00:00Z,17.748,sediment
soapstone,2021-09-13T16:00:00Z,18.01,sediment
soapstone,2021-09-13T17:00:00Z,18.176,sediment
soapstone,2021-09-13T18:00:00Z,18.176,sediment
soapstone,2021-09-13T19:00:00Z,18.224,sediment
soapstone,2021-09-13T20:00:00Z,18.2,sediment
soapstone,2021-09-13T21:00:00Z,18.152,sediment
soapstone,2021-09-13T22:00:00Z,18.129,sediment
soapstone,2021-09-13T23:00:00Z,18.033,sediment
soapstone,2021-09-14T00:00:00Z,17.772,sediment
soapstone,2021-09-14T01:00:00Z,17.391,sediment
soapstone,2021-09-14T02:00:00Z,17.082,sediment
soapstone,2021-09-14T03:00:00Z,16.82,sediment
soapstone,2021-09-14T04:00:00Z,16.32,sediment
soapstone,2021-09-14T05:00:00Z,15.915,sediment
soapstone,2021-09-14T06:00:00Z,15.557,sediment
soapstone,2021-09-14T07:00:00Z,15.127,sediment
soapstone,2021-09-14T08:00:00Z,14.792,sediment
soapstone,2021-09-14T09:00:00Z,14.529,sediment
soapstone,2021-09-14T10:00:00Z,14.385,sediment
soapstone,2021-09-14T11:00:00Z,14.864,sediment
soapstone,2021-09-14T12:00:00Z,15.39,sediment
soapstone,2021-09-14T13:00:00Z,16.034,sediment
soapstone,2021-09-14T14:00:00Z,16.654,sediment
soapstone,2021-09-14T15:00:00Z,17.272,sediment
soapstone,2021-09-14T16:00:00Z,17.463,sediment
soapstone,2021-09-14T17:00:00Z,17.819,sediment
soapstone,2021-09-14T18:00:00Z,17.724,sediment
soapstone,2021-09-14T19:00:00Z,17.962,sediment
soapstone,2021-09-14T20:00:00Z,17.748,sediment
soapstone,2021-09-14T21:00:00Z,17.796,sediment
soapstone,2021-09-14T22:00:00Z,17.748,sediment
soapstone,2021-09-14T23:00:00Z,17.724,sediment
soapstone,2021-09-15T00:00:00Z,17.629,sediment
soapstone,2021-09-15T01:00:00Z,17.368,sediment
soapstone,2021-09-15T02:00:00Z,17.082,sediment
soapstone,2021-09-15T03:00:00Z,16.701,sediment
soapstone,2021-09-15T04:00:00Z,16.392,sediment
soapstone,2021-09-15T05:00:00Z,16.082,sediment
soapstone,2021-09-15T06:00:00Z,15.724,sediment
soapstone,2021-09-15T07:00:00Z,15.366,sediment
soapstone,2021-09-15T08:00:00Z,15.055,sediment
soapstone,2021-09-15T09:00:00Z,14.84,sediment
soapstone,2021-09-15T10:00:00Z,14.816,sediment
soapstone,2021-09-15T11:00:00Z,15.223,sediment
soapstone,2021-09-15T12:00:00Z,15.724,sediment
soapstone,2021-09-15T13:00:00Z,16.225,sediment
soapstone,2021-09-15T14:00:00Z,16.749,sediment
soapstone,2021-09-15T15:00:00Z,17.344,sediment
soapstone,2021-09-15T16:00:00Z,17.582,sediment
soapstone,2021-09-15T17:00:00Z,17.701,sediment
soapstone,2021-09-15T18:00:00Z,17.772,sediment
soapstone,2021-09-15T19:00:00Z,17.819,sediment
soapstone,2021-09-15T20:00:00Z,17.724,sediment
soapstone,2021-09-15T21:00:00Z,17.724,sediment
soapstone,2021-09-15T22:00:00Z,17.701,sediment
soapstone,2021-09-15T23:00:00Z,17.629,sediment
soapstone,2021-09-16T00:00:00Z,17.32,sediment
soapstone,2021-09-16T01:00:00Z,17.011,sediment
soapstone,2021-09-16T02:00:00Z,16.701,sediment
soapstone,2021-09-16T03:00:00Z,16.296,sediment
soapstone,2021-09-16T04:00:00Z,16.01,sediment
soapstone,2021-09-16T05:00:00Z,15.652,sediment
soapstone,2021-09-16T06:00:00Z,15.27,sediment
soapstone,2021-09-16T07:00:00Z,14.96,sediment
soapstone,2021-09-16T08:00:00Z,14.673,sediment
soapstone,2021-09-16T09:00:00Z,14.553,sediment
soapstone,2021-09-16T10:00:00Z,14.601,sediment
soapstone,2021-09-16T11:00:00Z,14.792,sediment
soapstone,2021-09-16T12:00:00Z,15.318,sediment
soapstone,2021-09-16T13:00:00Z,15.843,sediment
soapstone,2021-09-16T14:00:00Z,16.654,sediment
soapstone,2021-09-16T15:00:00Z,17.106,sediment
soapstone,2021-09-16T16:00:00Z,17.534,sediment
soapstone,2021-09-16T17:00:00Z,17.582,sediment
soapstone,2021-09-16T18:00:00Z,17.701,sediment
soapstone,2021-09-16T19:00:00Z,17.605,sediment
soapstone,2021-09-16T20:00:00Z,17.582,sediment
soapstone,2021-09-16T21:00:00Z,17.582,sediment
soapstone,2021-09-16T22:00:00Z,17.486,sediment
soapstone,2021-09-16T23:00:00Z,17.201,sediment
soapstone,2021-09-17T00:00:00Z,16.796,sediment
soapstone,2021-09-17T01:00:00Z,16.368,sediment
soapstone,2021-09-17T02:00:00Z,15.939,sediment
soapstone,2021-09-17T03:00:00Z,15.557,sediment
soapstone,2021-09-17T04:00:00Z,15.175,sediment
soapstone,2021-09-17T05:00:00Z,14.912,sediment
soapstone,2021-09-17T06:00:00Z,14.577,sediment
soapstone,2021-09-17T07:00:00Z,14.17,sediment
soapstone,2021-09-17T08:00:00Z,13.882,sediment
soapstone,2021-09-17T09:00:00Z,13.69,sediment
soapstone,2021-09-17T10:00:00Z,13.425,sediment
soapstone,2021-09-17T11:00:00Z,13.762,sediment
soapstone,2021-09-17T12:00:00Z,14.314,sediment
soapstone,2021-09-17T13:00:00Z,15.055,sediment
soapstone,2021-09-17T14:00:00Z,15.796,sediment
soapstone,2021-09-17T15:00:00Z,16.344,sediment
soapstone,2021-09-17T16:00:00Z,17.153,sediment
soapstone,2021-09-17T17:00:00Z,16.82,sediment
soapstone,2021-09-17T18:00:00Z,16.892,sediment
soapstone,2021-09-17T19:00:00Z,16.939,sediment
soapstone,2021-09-17T20:00:00Z,16.915,sediment
soapstone,2021-09-17T21:00:00Z,16.892,sediment
soapstone,2021-09-17T22:00:00Z,16.892,sediment
soapstone,2021-09-17T23:00:00Z,16.749,sediment
soapstone,2021-09-18T00:00:00Z,16.511,sediment
soapstone,2021-09-18T01:00:00Z,16.177,sediment
soapstone,2021-09-18T02:00:00Z,15.819,sediment
soapstone,2021-09-18T03:00:00Z,15.414,sediment
soapstone,2021-09-18T04:00:00Z,15.008,sediment
soapstone,2021-09-18T05:00:00Z,14.601,sediment
soapstone,2021-09-18T06:00:00Z,14.361,sediment
soapstone,2021-09-18T07:00:00Z,14.002,sediment
soapstone,2021-09-18T08:00:00Z,13.522,sediment
soapstone,2021-09-18T09:00:00Z,13.112,sediment
soapstone,2021-09-18T10:00:00Z,12.896,sediment
soapstone,2021-09-18T11:00:00Z,12.92,sediment
soapstone,2021-09-18T12:00:00Z,13.016,sediment
soapstone,2021-09-18T13:00:00Z,13.016,sediment
soapstone,2021-09-18T14:00:00Z,12.968,sediment
soapstone,2021-09-18T15:00:00Z,12.944,sediment
soapstone,2021-09-18T16:00:00Z,12.968,sediment
soapstone,2021-09-18T17:00:00Z,12.968,sediment
soapstone,2021-09-18T18:00:00Z,12.968,sediment
soapstone,2021-09-18T19:00:00Z,12.847,sediment
soapstone,2021-09-18T20:00:00Z,12.703,sediment
soapstone,2021-09-18T21:00:00Z,12.558,sediment
soapstone,2021-09-18T22:00:00Z,12.437,sediment
soapstone,2021-09-18T23:00:00Z,12.195,sediment
soapstone,2021-09-19T00:00:00Z,11.953,sediment
soapstone,2021-09-19T01:00:00Z,11.832,sediment
soapstone,2021-09-19T02:00:00Z,11.613,sediment
soapstone,2021-09-19T03:00:00Z,11.394,sediment
soapstone,2021-09-19T04:00:00Z,11.053,sediment
soapstone,2021-09-19T05:00:00Z,10.736,sediment
soapstone,2021-09-19T06:00:00Z,10.516,sediment
soapstone,2021-09-19T07:00:00Z,10.198,sediment
soapstone,2021-09-19T08:00:00Z,10.124,sediment
soapstone,2021-09-19T09:00:00Z,10.1,sediment
soapstone,2021-09-19T10:00:00Z,10.418,sediment
soapstone,2021-09-19T11:00:00Z,10.761,sediment
soapstone,2021-09-19T12:00:00Z,11.175,sediment
soapstone,2021-09-19T13:00:00Z,11.662,sediment
soapstone,2021-09-19T14:00:00Z,12.122,sediment
soapstone,2021-09-19T15:00:00Z,12.751,sediment
soapstone,2021-09-19T16:00:00Z,12.871,sediment
soapstone,2021-09-19T17:00:00Z,13.088,sediment
soapstone,2021-09-19T18:00:00Z,13.209,sediment
soapstone,2021-09-19T19:00:00Z,13.161,sediment
soapstone,2021-09-19T20:00:00Z,13.233,sediment
soapstone,2021-09-19T21:00:00Z,13.137,sediment
soapstone,2021-09-19T22:00:00Z,12.847,sediment
soapstone,2021-09-19T23:00:00Z,12.582,sediment
soapstone,2021-09-20T00:00:00Z,12.243,sediment
soapstone,2021-09-20T01:00:00Z,11.832,sediment
soapstone,2021-09-20T02:00:00Z,11.492,sediment
soapstone,2021-09-20T03:00:00Z,11.151,sediment
soapstone,2021-09-20T04:00:00Z,10.785,sediment
soapstone,2021-09-20T05:00:00Z,10.443,sediment
soapstone,2021-09-20T06:00:00Z,10.124,sediment
soapstone,2021-09-20T07:00:00Z,9.829,sediment
soapstone,2021-09-20T08:00:00Z,9.558,sediment
soapstone,2021-09-20T09:00:00Z,9.312,sediment
soapstone,2021-09-20T10:00:00Z,9.386,sediment
soapstone,2021-09-20T11:00:00Z,9.756,sediment
soapstone,2021-09-20T12:00:00Z,10.271,sediment
soapstone,2021-09-20T13:00:00Z,10.98,sediment
soapstone,2021-09-20T14:00:00Z,11.977,sediment
soapstone,2021-09-20T15:00:00Z,12.485,sediment
soapstone,2021-09-20T16:00:00Z,12.775,sediment
soapstone,2021-09-20T17:00:00Z,12.823,sediment
soapstone,2021-09-20T18:00:00Z,12.871,sediment
soapstone,2021-09-20T19:00:00Z,12.944,sediment
soapstone,2021-09-20T20:00:00Z,12.968,sediment
soapstone,2021-09-20T21:00:00Z,13.04,sediment
soapstone,2021-09-20T22:00:00Z,12.968,sediment
soapstone,2021-09-20T23:00:00Z,13.016,sediment
soapstone,2021-09-21T00:00:00Z,13.209,sediment
soapstone,2021-09-21T01:00:00Z,13.112,sediment
soapstone,2021-09-21T02:00:00Z,12.847,sediment
soapstone,2021-09-21T03:00:00Z,12.63,sediment
soapstone,2021-09-21T04:00:00Z,12.364,sediment
soapstone,2021-09-21T05:00:00Z,12.074,sediment
soapstone,2021-09-21T06:00:00Z,11.759,sediment
soapstone,2021-09-21T07:00:00Z,11.467,sediment
soapstone,2021-09-21T08:00:00Z,11.224,sediment
soapstone,2021-09-21T09:00:00Z,11.005,sediment
soapstone,2021-09-21T10:00:00Z,10.858,sediment
soapstone,2021-09-21T11:00:00Z,11.224,sediment
soapstone,2021-09-21T12:00:00Z,11.88,sediment
soapstone,2021-09-21T13:00:00Z,12.678,sediment
soapstone,2021-09-21T14:00:00Z,13.449,sediment
soapstone,2021-09-21T15:00:00Z,14.098,sediment
soapstone,2021-09-21T16:00:00Z,14.337,sediment
soapstone,2021-09-21T17:00:00Z,14.337,sediment
soapstone,2021-09-21T18:00:00Z,14.361,sediment
soapstone,2021-09-21T19:00:00Z,14.385,sediment
soapstone,2021-09-21T20:00:00Z,14.385,sediment
soapstone,2021-09-21T21:00:00Z,14.361,sediment
soapstone,2021-09-21T22:00:00Z,14.361,sediment
soapstone,2021-09-21T23:00:00Z,14.337,sediment
soapstone,2021-09-22T00:00:00Z,14.337,sediment
soapstone,2021-09-22T01:00:00Z,14.242,sediment
soapstone,2021-09-22T02:00:00Z,14.026,sediment
soapstone,2021-09-22T03:00:00Z,13.81,sediment
soapstone,2021-09-22T04:00:00Z,13.522,sediment
soapstone,2021-09-22T05:00:00Z,13.305,sediment
soapstone,2021-09-22T06:00:00Z,13.112,sediment
soapstone,2021-09-22T07:00:00Z,12.944,sediment
soapstone,2021-09-22T08:00:00Z,12.678,sediment
soapstone,2021-09-22T09:00:00Z,12.413,sediment
soapstone,2021-09-22T10:00:00Z,12.389,sediment
soapstone,2021-09-22T11:00:00Z,12.727,sediment
soapstone,2021-09-22T12:00:00Z,13.329,sediment
soapstone,2021-09-22T13:00:00Z,14.026,sediment
soapstone,2021-09-22T14:00:00Z,14.721,sediment
soapstone,2021-09-22T15:00:00Z,15.438,sediment
soapstone,2021-09-22T16:00:00Z,15.533,sediment
soapstone,2021-09-22T17:00:00Z,15.724,sediment
soapstone,2021-09-22T18:00:00Z,15.676,sediment
soapstone,2021-09-22T19:00:00Z,15.652,sediment
soapstone,2021-09-22T20:00:00Z,15.629,sediment
soapstone,2021-09-22T21:00:00Z,15.605,sediment
soapstone,2021-09-22T22:00:00Z,15.557,sediment
soapstone,2021-09-22T23:00:00Z,15.39,sediment
soapstone,2021-09-23T00:00:00Z,15.008,sediment
soapstone,2021-09-23T01:00:00Z,14.745,sediment
soapstone,2021-09-23T02:00:00Z,14.433,sediment
soapstone,2021-09-23T03:00:00Z,14.002,sediment
soapstone,2021-09-23T04:00:00Z,13.594,sediment
soapstone,2021-09-23T05:00:00Z,13.233,sediment
soapstone,2021-09-23T06:00:00Z,12.871,sediment
soapstone,2021-09-23T07:00:00Z,12.509,sediment
soapstone,2021-09-23T08:00:00Z,12.219,sediment
soapstone,2021-09-23T09:00:00Z,11.977,sediment
soapstone,2021-09-23T10:00:00Z,11.807,sediment
soapstone,2021-09-23T11:00:00Z,12.243,sediment
soapstone,2021-09-23T12:00:00Z,12.823,sediment
soapstone,2021-09-23T13:00:00Z,13.377,sediment
soapstone,2021-09-23T14:00:00Z,14.05,sediment
soapstone,2021-09-23T15:00:00Z,14.84,sediment
soapstone,2021-09-23T16:00:00Z,14.984,sediment
soapstone,2021-09-23T17:00:00Z,15.103,sediment
soapstone,2021-09-23T18:00:00Z,15.175,sediment
soapstone,2021-09-23T19:00:00Z,15.127,sediment
soapstone,2021-09-23T20:00:00Z,15.151,sediment
soapstone,2021-09-23T21:00:00Z,15.127,sediment
soapstone,2021-09-23T22:00:00Z,15.079,sediment
soapstone,2021-09-23T23:00:00Z,15.103,sediment
soapstone,2021-09-24T00:00:00Z,15.055,sediment
soapstone,2021-09-24T01:00:00Z,14.936,sediment
soapstone,2021-09-24T02:00:00Z,14.649,sediment
soapstone,2021-09-24T03:00:00Z,14.433,sediment
soapstone,2021-09-24T04:00:00Z,14.146,sediment
soapstone,2021-09-24T05:00:00Z,13.906,sediment
soapstone,2021-09-24T06:00:00Z,13.618,sediment
soapstone,2021-09-24T07:00:00Z,13.305,sediment
soapstone,2021-09-24T08:00:00Z,12.992,sediment
soapstone,2021-09-24T09:00:00Z,12.799,sediment
soapstone,2021-09-24T10:00:00Z,12.509,sediment
soapstone,2021-09-24T11:00:00Z,12.992,sediment
soapstone,2021-09-24T12:00:00Z,13.497,sediment
soapstone,2021-09-24T13:00:00Z,14.122,sediment
soapstone,2021-09-24T14:00:00Z,14.721,sediment
soapstone,2021-09-24T15:00:00Z,15.414,sediment
soapstone,2021-09-24T16:00:00Z,15.652,sediment
soapstone,2021-09-24T17:00:00Z,15.748,sediment
soapstone,2021-09-24T18:00:00Z,15.724,sediment
soapstone,2021-09-24T19:00:00Z,15.748,sediment
soapstone,2021-09-24T20:00:00Z,15.724,sediment
soapstone,2021-09-24T21:00:00Z,15.652,sediment
soapstone,2021-09-24T22:00:00Z,15.652,sediment
soapstone,2021-09-24T23:00:00Z,15.629,sediment
soapstone,2021-09-25T00:00:00Z,15.581,sediment
soapstone,2021-09-25T01:00:00Z,15.438,sediment
soapstone,2021-09-25T02:00:00Z,15.175,sediment
soapstone,2021-09-25T03:00:00Z,14.936,sediment
soapstone,2021-09-25T04:00:00Z,14.697,sediment
soapstone,2021-09-25T05:00:00Z,14.385,sediment
soapstone,2021-09-25T06:00:00Z,14.146,sediment
soapstone,2021-09-25T07:00:00Z,13.858,sediment
soapstone,2021-09-25T08:00:00Z,13.594,sediment
soapstone,2021-09-25T09:00:00Z,13.449,sediment
soapstone,2021-09-25T10:00:00Z,13.185,sediment
soapstone,2021-09-25T11:00:00Z,13.57,sediment
soapstone,2021-09-25T12:00:00Z,14.098,sediment
soapstone,2021-09-25T13:00:00Z,14.745,sediment
soapstone,2021-09-25T14:00:00Z,15.533,sediment
soapstone,2021-09-25T15:00:00Z,16.106,sediment
soapstone,2021-09-25T16:00:00Z,16.249,sediment
soapstone,2021-09-25T17:00:00Z,16.344,sediment
soapstone,2021-09-25T18:00:00Z,16.439,sediment
soapstone,2021-09-25T19:00:00Z,16.392,sediment
soapstone,2021-09-25T20:00:00Z,16.368,sediment
soapstone,2021-09-25T21:00:00Z,16.296,sediment
soapstone,2021-09-25T22:00:00Z,16.225,sediment
soapstone,2021-09-25T23:00:00Z,15.963,sediment
soapstone,2021-09-26T00:00:00Z,15.7,sediment
soapstone,2021-09-26T01:00:00Z,15.39,sediment
soapstone,2021-09-26T02:00:00Z,15.103,sediment
soapstone,2021-09-26T03:00:00Z,14.816,sediment
soapstone,2021-09-26T04:00:00Z,14.481,sediment
soapstone,2021-09-26T05:00:00Z,14.17,sediment
soapstone,2021-09-26T06:00:00Z,13.786,sediment
soapstone,2021-09-26T07:00:00Z,13.353,sediment
soapstone,2021-09-26T08:00:00Z,13.064,sediment
soapstone,2021-09-26T09:00:00Z,12.799,sediment
soapstone,2021-09-26T10:00:00Z,12.485,sediment
soapstone,2021-09-26T11:00:00Z,12.775,sediment
soapstone,2021-09-26T12:00:00Z,13.377,sediment
soapstone,2021-09-26T13:00:00Z,13.858,sediment
soapstone,2021-09-26T14:00:00Z,14.625,sediment
soapstone,2021-09-26T15:00:00Z,15.27,sediment
soapstone,2021-09-26T16:00:00Z,15.318,sediment
soapstone,2021-09-26T17:00:00Z,15.557,sediment
soapstone,2021-09-26T18:00:00Z,15.605,sediment
soapstone,2021-09-26T19:00:00Z,15.581,sediment
soapstone,2021-09-26T20:00:00Z,15.533,sediment
soapstone,2021-09-26T21:00:00Z,15.533,sediment
soapstone,2021-09-26T22:00:00Z,15.438,sediment
soapstone,2021-09-26T23:00:00Z,15.127,sediment
soapstone,2021-09-27T00:00:00Z,14.816,sediment
soapstone,2021-09-27T01:00:00Z,14.505,sediment
soapstone,2021-09-27T02:00:00Z,14.29,sediment
soapstone,2021-09-27T03:00:00Z,13.93,sediment
soapstone,2021-09-27T04:00:00Z,13.618,sediment
soapstone,2021-09-27T05:00:00Z,13.305,sediment
soapstone,2021-09-27T06:00:00Z,12.968,sediment
soapstone,2021-09-27T07:00:00Z,12.678,sediment
soapstone,2021-09-27T08:00:00Z,12.364,sediment
soapstone,2021-09-27T09:00:00Z,12.171,sediment
soapstone,2021-09-27T10:00:00Z,11.807,sediment
soapstone,2021-09-27T11:00:00Z,11.832,sediment
soapstone,2021-09-27T12:00:00Z,11.929,sediment
soapstone,2021-09-27T13:00:00Z,12.195,sediment
soapstone,2021-09-27T14:00:00Z,12.364,sediment
soapstone,2021-09-27T15:00:00Z,12.437,sediment
soapstone,2021-09-27T16:00:00Z,12.413,sediment
soapstone,2021-09-27T17:00:00Z,12.316,sediment
soapstone,2021-09-27T18:00:00Z,12.243,sediment
soapstone,2021-09-27T19:00:00Z,12.05,sediment
soapstone,2021-09-27T20:00:00Z,11.832,sediment
soapstone,2021-09-27T21:00:00Z,11.224,sediment
soapstone,2021-09-27T22:00:00Z,11.029,sediment
soapstone,2021-09-27T23:00:00Z,10.516,sediment
soapstone,2021-09-28T00:00:00Z,10.149,sediment
soapstone,2021-09-28T01:00:00Z,9.928,sediment
soapstone,2021-09-28T02:00:00Z,9.682,sediment
soapstone,2021-09-28T03:00:00Z,9.336,sediment
soapstone,2021-09-28T04:00:00Z,9.114,sediment
soapstone,2021-09-28T05:00:00Z,8.866,sediment
soapstone,2021-09-28T06:00:00Z,8.668,sediment
soapstone,2021-09-28T07:00:00Z,8.344,sediment
soapstone,2021-09-28T08:00:00Z,8.07,sediment
soapstone,2021-09-28T09:00:00Z,7.82,sediment
soapstone,2021-09-28T10:00:00Z,7.67,sediment
soapstone,2021-09-28T11:00:00Z,8.17,sediment
soapstone,2021-09-28T12:00:00Z,8.543,sediment
soapstone,2021-09-28T13:00:00Z,9.089,sediment
soapstone,2021-09-28T14:00:00Z,10.1,sediment
soapstone,2021-09-28T15:00:00Z,10.712,sediment
soapstone,2021-09-28T16:00:00Z,11.053,sediment
soapstone,2021-09-28T17:00:00Z,11.005,sediment
soapstone,2021-09-28T18:00:00Z,11.102,sediment
soapstone,2021-09-28T19:00:00Z,11.175,sediment
soapstone,2021-09-28T20:00:00Z,11.273,sediment
soapstone,2021-09-28T21:00:00Z,11.273,sediment
soapstone,2021-09-28T22:00:00Z,11.297,sediment
soapstone,2021-09-28T23:00:00Z,11.102,sediment
soapstone,2021-09-29T00:00:00Z,10.834,sediment
soapstone,2021-09-29T01:00:00Z,10.638,sediment
soapstone,2021-09-29T02:00:00Z,10.32,sediment
soapstone,2021-09-29T03:00:00Z,9.928,sediment
soapstone,2021-09-29T04:00:00Z,9.534,sediment
soapstone,2021-09-29T05:00:00Z,9.238,sediment
soapstone,2021-09-29T06:00:00Z,8.916,sediment
soapstone,2021-09-29T07:00:00Z,8.543,sediment
soapstone,2021-09-29T08:00:00Z,8.295,sediment
soapstone,2021-09-29T09:00:00Z,8.045,sediment
soapstone,2021-09-29T10:00:00Z,7.845,sediment
soapstone,2021-09-29T11:00:00Z,8.295,sediment
soapstone,2021-09-29T12:00:00Z,8.668,sediment
soapstone,2021-09-29T13:00:00Z,9.485,sediment
soapstone,2021-09-29T14:00:00Z,10.516,sediment
soapstone,2021-09-29T15:00:00Z,11.151,sediment
soapstone,2021-09-29T16:00:00Z,11.346,sediment
soapstone,2021-09-29T17:00:00Z,11.467,sediment
soapstone,2021-09-29T18:00:00Z,11.443,sediment
soapstone,2021-09-29T19:00:00Z,11.467,sediment
soapstone,2021-09-29T20:00:00Z,11.492,sediment
soapstone,2021-09-29T21:00:00Z,11.516,sediment
soapstone,2021-09-29T22:00:00Z,11.516,sediment
soapstone,2021-09-29T23:00:00Z,11.419,sediment
soapstone,2021-09-30T00:00:00Z,11.151,sediment
soapstone,2021-09-30T01:00:00Z,10.932,sediment
soapstone,2021-09-30T02:00:00Z,10.712,sediment
soapstone,2021-09-30T03:00:00Z,10.418,sediment
soapstone,2021-09-30T04:00:00Z,10.124,sediment
soapstone,2021-09-30T05:00:00Z,9.879,sediment
soapstone,2021-09-30T06:00:00Z,9.583,sediment
soapstone,2021-09-30T07:00:00Z,9.336,sediment
soapstone,2021-09-30T08:00:00Z,9.089,sediment
soapstone,2021-09-30T09:00:00Z,8.941,sediment
soapstone,2021-09-30T10:00:00Z,8.742,sediment
soapstone,2021-09-30T11:00:00Z,9.114,sediment
soapstone,2021-09-30T12:00:00Z,9.706,sediment
soapstone,2021-09-30T13:00:00Z,10.001,sediment
soapstone,2021-09-30T14:00:00Z,10.956,sediment
soapstone,2021-09-30T15:00:00Z,11.443,sediment
soapstone,2021-09-30T16:00:00Z,11.516,sediment
soapstone,2021-09-30T17:00:00Z,11.759,sediment
soapstone,2021-09-30T18:00:00Z,11.807,sediment
soapstone,2021-09-30T19:00:00Z,11.856,sediment
soapstone,2021-09-30T20:00:00Z,11.832,sediment
soapstone,2021-09-30T21:00:00Z,11.832,sediment
soapstone,2021-09-30T22:00:00Z,11.832,sediment
soapstone,2021-09-30T23:00:00Z,11.856,sediment
soapstone,2021-10-01T00:00:00Z,11.88,sediment
soapstone,2021-10-01T01:00:00Z,11.856,sediment
soapstone,2021-10-01T02:00:00Z,11.734,sediment
soapstone,2021-10-01T03:00:00Z,11.54,sediment
soapstone,2021-10-01T04:00:00Z,11.321,sediment
soapstone,2021-10-01T05:00:00Z,11.102,sediment
soapstone,2021-10-01T06:00:00Z,10.883,sediment
soapstone,2021-10-01T07:00:00Z,10.614,sediment
soapstone,2021-10-01T08:00:00Z,10.345,sediment
soapstone,2021-10-01T09:00:00Z,10.149,sediment
soapstone,2021-10-01T10:00:00Z,10.026,sediment
soapstone,2021-10-01T11:00:00Z,10.394,sediment
soapstone,2021-10-01T12:00:00Z,10.834,sediment
soapstone,2021-10-01T13:00:00Z,11.734,sediment
soapstone,2021-10-01T14:00:00Z,12.461,sediment
soapstone,2021-10-01T15:00:00Z,12.799,sediment
soapstone,2021-10-01T16:00:00Z,12.968,sediment
soapstone,2021-10-01T17:00:00Z,13.016,sediment
soapstone,2021-10-01T18:00:00Z,13.04,sediment
soapstone,2021-10-01T19:00:00Z,13.04,sediment
soapstone,2021-10-01T20:00:00Z,13.04,sediment
soapstone,2021-10-01T21:00:00Z,13.04,sediment
soapstone,2021-10-01T22:00:00Z,13.04,sediment
soapstone,2021-10-01T23:00:00Z,13.016,sediment
soapstone,2021-10-02T00:00:00Z,13.016,sediment
soapstone,2021-10-02T01:00:00Z,12.823,sediment
soapstone,2021-10-02T02:00:00Z,12.582,sediment
soapstone,2021-10-02T03:00:00Z,12.364,sediment
soapstone,2021-10-02T04:00:00Z,12.098,sediment
soapstone,2021-10-02T05:00:00Z,11.88,sediment
soapstone,2021-10-02T06:00:00Z,11.613,sediment
soapstone,2021-10-02T07:00:00Z,11.321,sediment
soapstone,2021-10-02T08:00:00Z,11.078,sediment
soapstone,2021-10-02T09:00:00Z,10.883,sediment
soapstone,2021-10-02T10:00:00Z,10.663,sediment
soapstone,2021-10-02T11:00:00Z,11.053,sediment
soapstone,2021-10-02T12:00:00Z,11.419,sediment
soapstone,2021-10-02T13:00:00Z,12.122,sediment
soapstone,2021-10-02T14:00:00Z,12.727,sediment
soapstone,2021-10-02T15:00:00Z,13.112,sediment
soapstone,2021-10-02T16:00:00Z,13.233,sediment
soapstone,2021-10-02T17:00:00Z,13.473,sediment
soapstone,2021-10-02T18:00:00Z,13.377,sediment
soapstone,2021-10-02T19:00:00Z,13.425,sediment
soapstone,2021-10-02T20:00:00Z,13.401,sediment
soapstone,2021-10-02T21:00:00Z,13.401,sediment
soapstone,2021-10-02T22:00:00Z,13.522,sediment
soapstone,2021-10-02T23:00:00Z,13.377,sediment
soapstone,2021-10-03T00:00:00Z,13.353,sediment
soapstone,2021-10-03T01:00:00Z,13.185,sediment
soapstone,2021-10-03T02:00:00Z,12.896,sediment
soapstone,2021-10-03T03:00:00Z,12.678,sediment
soapstone,2021-10-03T04:00:00Z,12.389,sediment
soapstone,2021-10-03T05:00:00Z,12.122,sediment
soapstone,2021-10-03T06:00:00Z,11.904,sediment
soapstone,2021-10-03T07:00:00Z,11.589,sediment
soapstone,2021-10-03T08:00:00Z,11.394,sediment
soapstone,2021-10-03T09:00:00Z,11.151,sediment
soapstone,2021-10-03T10:00:00Z,11.224,sediment
soapstone,2021-10-03T11:00:00Z,11.54,sediment
soapstone,2021-10-03T12:00:00Z,11.783,sediment
soapstone,2021-10-03T13:00:00Z,12.195,sediment
soapstone,2021-10-03T14:00:00Z,12.944,sediment
soapstone,2021-10-03T15:00:00Z,13.329,sediment
soapstone,2021-10-03T16:00:00Z,13.546,sediment
soapstone,2021-10-03T17:00:00Z,13.618,sediment
soapstone,2021-10-03T18:00:00Z,13.738,sediment
soapstone,2021-10-03T19:00:00Z,13.666,sediment
soapstone,2021-10-03T20:00:00Z,13.69,sediment
soapstone,2021-10-03T21:00:00Z,13.666,sediment
soapstone,2021-10-03T22:00:00Z,13.666,sediment
soapstone,2021-10-03T23:00:00Z,13.69,sediment
soapstone,2021-10-04T00:00:00Z,13.666,sediment
soapstone,2021-10-04T01:00:00Z,13.522,sediment
soapstone,2021-10-04T02:00:00Z,13.257,sediment
soapstone,2021-10-04T03:00:00Z,13.04,sediment
soapstone,2021-10-04T04:00:00Z,12.775,sediment
soapstone,2021-10-04T05:00:00Z,12.485,sediment
soapstone,2021-10-04T06:00:00Z,12.195,sediment
soapstone,2021-10-04T07:00:00Z,11.929,sediment
soapstone,2021-10-04T08:00:00Z,11.589,sediment
soapstone,2021-10-04T09:00:00Z,11.37,sediment
soapstone,2021-10-04T10:00:00Z,11.297,sediment
soapstone,2021-10-04T11:00:00Z,11.589,sediment
soapstone,2021-10-04T12:00:00Z,11.929,sediment
soapstone,2021-10-04T13:00:00Z,12.485,sediment
soapstone,2021-10-04T14:00:00Z,13.112,sediment
soapstone,2021-10-04T15:00:00Z,13.522,sediment
soapstone,2021-10-04T16:00:00Z,13.786,sediment
soapstone,2021-10-04T17:00:00Z,14.026,sediment
soapstone,2021-10-04T18:00:00Z,13.714,sediment
soapstone,2021-10-04T19:00:00Z,13.834,sediment
soapstone,2021-10-04T20:00:00Z,13.834,sediment
soapstone,2021-10-04T21:00:00Z,13.858,sediment
soapstone,2021-10-04T22:00:00Z,13.882,sediment
soapstone,2021-10-04T23:00:00Z,13.762,sediment
soapstone,2021-10-05T00:00:00Z,13.522,sediment
soapstone,2021-10-05T01:00:00Z,13.185,sediment
soapstone,2021-10-05T02:00:00Z,12.92,sediment
soapstone,2021-10-05T03:00:00Z,12.558,sediment
soapstone,2021-10-05T04:00:00Z,12.219,sediment
soapstone,2021-10-05T05:00:00Z,11.929,sediment
soapstone,2021-10-05T06:00:00Z,11.589,sediment
soapstone,2021-10-05T07:00:00Z,11.297,sediment
soapstone,2021-10-05T08:00:00Z,11.029,sediment
soapstone,2021-10-05T09:00:00Z,10.907,sediment
soapstone,2021-10-05T10:00:00Z,10.883,sediment
soapstone,2021-10-05T11:00:00Z,11.2,sediment
soapstone,2021-10-05T12:00:00Z,11.662,sediment
soapstone,2021-10-05T13:00:00Z,12.34,sediment
soapstone,2021-10-05T14:00:00Z,13.137,sediment
soapstone,2021-10-05T15:00:00Z,13.546,sediment
soapstone,2021-10-05T16:00:00Z,13.834,sediment
soapstone,2021-10-05T17:00:00Z,13.858,sediment
soapstone,2021-10-05T18:00:00Z,14.194,sediment
soapstone,2021-10-05T19:00:00Z,14.05,sediment
soapstone,2021-10-05T20:00:00Z,13.762,sediment
soapstone,2021-10-05T21:00:00Z,13.401,sediment
soapstone,2021-10-05T22:00:00Z,13.064,sediment
soapstone,2021-10-05T23:00:00Z,12.751,sediment
soapstone,2021-10-06T00:00:00Z,12.437,sediment
soapstone,2021-10-06T01:00:00Z,12.171,sediment
soapstone,2021-10-06T02:00:00Z,12.001,sediment
soapstone,2021-10-06T03:00:00Z,11.686,sediment
soapstone,2021-10-06T04:00:00Z,11.492,sediment
soapstone,2021-10-06T05:00:00Z,11.346,sediment
soapstone,2021-10-06T06:00:00Z,11.2,sediment
soapstone,2021-10-06T07:00:00Z,11.224,sediment
soapstone,2021-10-06T08:00:00Z,11.151,sediment
soapstone,2021-10-06T09:00:00Z,10.932,sediment
soapstone,2021-10-06T10:00:00Z,10.932,sediment
soapstone,2021-10-06T11:00:00Z,11.2,sediment
soapstone,2021-10-06T12:00:00Z,11.467,sediment
soapstone,2021-10-06T13:00:00Z,12.243,sediment
soapstone,2021-10-06T14:00:00Z,12.944,sediment
soapstone,2021-10-06T15:00:00Z,13.353,sediment
soapstone,2021-10-06T16:00:00Z,13.497,sediment
soapstone,2021-10-06T17:00:00Z,13.69,sediment
soapstone,2021-10-06T18:00:00Z,13.858,sediment
soapstone,2021-10-06T19:00:00Z,13.618,sediment
soapstone,2021-10-06T20:00:00Z,13.281,sediment
soapstone,2021-10-06T21:00:00Z,13.04,sediment
soapstone,2021-10-06T22:00:00Z,12.606,sediment
soapstone,2021-10-06T23:00:00Z,12.171,sediment
soapstone,2021-10-07T00:00:00Z,11.783,sediment
soapstone,2021-10-07T01:00:00Z,11.467,sediment
soapstone,2021-10-07T02:00:00Z,11.321,sediment
soapstone,2021-10-07T03:00:00Z,10.883,sediment
soapstone,2021-10-07T04:00:00Z,10.663,sediment
soapstone,2021-10-07T05:00:00Z,10.541,sediment
soapstone,2021-10-07T06:00:00Z,10.394,sediment
soapstone,2021-10-07T07:00:00Z,10.198,sediment
soapstone,2021-10-07T08:00:00Z,10.075,sediment
soapstone,2021-10-07T09:00:00Z,10.075,sediment
soapstone,2021-10-07T10:00:00Z,10.198,sediment
soapstone,2021-10-07T11:00:00Z,10.541,sediment
soapstone,2021-10-07T12:00:00Z,10.712,sediment
soapstone,2021-10-07T13:00:00Z,11.053,sediment
soapstone,2021-10-07T14:00:00Z,11.832,sediment
soapstone,2021-10-07T15:00:00Z,12.558,sediment
soapstone,2021-10-07T16:00:00Z,13.064,sediment
soapstone,2021-10-07T17:00:00Z,13.112,sediment
soapstone,2021-10-07T18:00:00Z,12.871,sediment
soapstone,2021-10-07T19:00:00Z,12.389,sediment
soapstone,2021-10-07T20:00:00Z,12.122,sediment
soapstone,2021-10-07T21:00:00Z,11.759,sediment
soapstone,2021-10-07T22:00:00Z,11.346,sediment
soapstone,2021-10-07T23:00:00Z,10.858,sediment
soapstone,2021-10-08T00:00:00Z,10.467,sediment
soapstone,2021-10-08T01:00:00Z,10.075,sediment
soapstone,2021-10-08T02:00:00Z,9.706,sediment
soapstone,2021-10-08T03:00:00Z,9.287,sediment
soapstone,2021-10-08T04:00:00Z,8.916,sediment
soapstone,2021-10-08T05:00:00Z,8.593,sediment
soapstone,2021-10-08T06:00:00Z,8.17,sediment
soapstone,2021-10-08T07:00:00Z,7.87,sediment
soapstone,2021-10-08T08:00:00Z,7.594,sediment
soapstone,2021-10-08T09:00:00Z,7.419,sediment
soapstone,2021-10-08T10:00:00Z,7.242,sediment
soapstone,2021-10-08T11:00:00Z,7.343,sediment
soapstone,2021-10-08T12:00:00Z,7.569,sediment
soapstone,2021-10-08T13:00:00Z,8.07,sediment
soapstone,2021-10-08T14:00:00Z,8.916,sediment
soapstone,2021-10-08T15:00:00Z,9.114,sediment
soapstone,2021-10-08T16:00:00Z,9.262,sediment
soapstone,2021-10-08T17:00:00Z,9.46,sediment
soapstone,2021-10-08T18:00:00Z,9.583,sediment
soapstone,2021-10-08T19:00:00Z,9.608,sediment
soapstone,2021-10-08T20:00:00Z,9.657,sediment
soapstone,2021-10-08T21:00:00Z,9.657,sediment
soapstone,2021-10-08T22:00:00Z,9.608,sediment
soapstone,2021-10-08T23:00:00Z,9.534,sediment
soapstone,2021-10-09T00:00:00Z,9.435,sediment
soapstone,2021-10-09T01:00:00Z,9.336,sediment
soapstone,2021-10-09T02:00:00Z,9.213,sediment
soapstone,2021-10-09T03:00:00Z,9.089,sediment
soapstone,2021-10-09T04:00:00Z,8.891,sediment
soapstone,2021-10-09T05:00:00Z,8.643,sediment
soapstone,2021-10-09T06:00:00Z,8.369,sediment
soapstone,2021-10-09T07:00:00Z,8.145,sediment
soapstone,2021-10-09T08:00:00Z,7.895,sediment
soapstone,2021-10-09T09:00:00Z,7.645,sediment
soapstone,2021-10-09T10:00:00Z,7.519,sediment
soapstone,2021-10-09T11:00:00Z,7.594,sediment
soapstone,2021-10-09T12:00:00Z,8.17,sediment
soapstone,2021-10-09T13:00:00Z,8.27,sediment
soapstone,2021-10-09T14:00:00Z,8.916,sediment
soapstone,2021-10-09T15:00:00Z,9.336,sediment
soapstone,2021-10-09T16:00:00Z,9.46,sediment
soapstone,2021-10-09T17:00:00Z,9.632,sediment
soapstone,2021-10-09T18:00:00Z,9.731,sediment
soapstone,2021-10-09T19:00:00Z,9.731,sediment
soapstone,2021-10-09T20:00:00Z,9.756,sediment
soapstone,2021-10-09T21:00:00Z,9.829,sediment
soapstone,2021-10-09T22:00:00Z,9.854,sediment
soapstone,2021-10-09T23:00:00Z,9.829,sediment
soapstone,2021-10-10T00:00:00Z,9.534,sediment
soapstone,2021-10-10T01:00:00Z,9.262,sediment
soapstone,2021-10-10T02:00:00Z,8.99,sediment
soapstone,2021-10-10T03:00:00Z,8.693,sediment
soapstone,2021-10-10T04:00:00Z,8.394,sediment
soapstone,2021-10-10T05:00:00Z,8.07,sediment
soapstone,2021-10-10T06:00:00Z,7.77,sediment
soapstone,2021-10-10T07:00:00Z,7.494,sediment
soapstone,2021-10-10T08:00:00Z,7.268,sediment
soapstone,2021-10-10T09:00:00Z,7.041,sediment
soapstone,2021-10-10T10:00:00Z,6.99,sediment
soapstone,2021-10-10T11:00:00Z,7.469,sediment
soapstone,2021-10-10T12:00:00Z,7.82,sediment
soapstone,2021-10-10T13:00:00Z,8.27,sediment
soapstone,2021-10-10T14:00:00Z,8.99,sediment
soapstone,2021-10-10T15:00:00Z,9.41,sediment
soapstone,2021-10-10T16:00:00Z,9.928,sediment
soapstone,2021-10-10T17:00:00Z,9.805,sediment
soapstone,2021-10-10T18:00:00Z,9.829,sediment
soapstone,2021-10-10T19:00:00Z,9.829,sediment
soapstone,2021-10-10T20:00:00Z,9.928,sediment
soapstone,2021-10-10T21:00:00Z,9.928,sediment
soapstone,2021-10-10T22:00:00Z,10.026,sediment
soapstone,2021-10-10T23:00:00Z,9.977,sediment
soapstone,2021-10-11T00:00:00Z,9.534,sediment
soapstone,2021-10-11T01:00:00Z,9.04,sediment
soapstone,2021-10-11T02:00:00Z,8.444,sediment
soapstone,2021-10-11T03:00:00Z,8.07,sediment
soapstone,2021-10-11T04:00:00Z,7.695,sediment
soapstone,2021-10-11T05:00:00Z,7.293,sediment
soapstone,2021-10-11T06:00:00Z,7.242,sediment
soapstone,2021-10-11T07:00:00Z,6.914,sediment
soapstone,2021-10-11T08:00:00Z,6.56,sediment
soapstone,2021-10-11T09:00:00Z,6.382,sediment
soapstone,2021-10-11T10:00:00Z,6.331,sediment
soapstone,2021-10-11T11:00:00Z,6.458,sediment
soapstone,2021-10-11T12:00:00Z,6.763,sediment
soapstone,2021-10-11T13:00:00Z,6.889,sediment
soapstone,2021-10-11T14:00:00Z,7.393,sediment
soapstone,2021-10-11T15:00:00Z,7.97,sediment
soapstone,2021-10-11T16:00:00Z,8.444,sediment
soapstone,2021-10-11T17:00:00Z,8.469,sediment
soapstone,2021-10-11T18:00:00Z,8.195,sediment
soapstone,2021-10-11T19:00:00Z,7.845,sediment
soapstone,2021-10-11T20:00:00Z,7.469,sediment
soapstone,2021-10-11T21:00:00Z,7.116,sediment
soapstone,2021-10-11T22:00:00Z,6.687,sediment
soapstone,2021-10-11T23:00:00Z,6.433,sediment
soapstone,2021-10-12T00:00:00Z,6.204,sediment
soapstone,2021-10-12T01:00:00Z,5.949,sediment
soapstone,2021-10-12T02:00:00Z,5.334,sediment
soapstone,2021-10-12T03:00:00Z,5.205,sediment
soapstone,2021-10-12T04:00:00Z,4.895,sediment
soapstone,2021-10-12T05:00:00Z,4.506,sediment
soapstone,2021-10-12T06:00:00Z,4.532,sediment
soapstone,2021-10-12T07:00:00Z,4.48,sediment
soapstone,2021-10-12T08:00:00Z,4.402,sediment
soapstone,2021-10-12T09:00:00Z,4.428,sediment
soapstone,2021-10-12T10:00:00Z,4.48,sediment
soapstone,2021-10-12T11:00:00Z,4.766,sediment
soapstone,2021-10-12T12:00:00Z,4.921,sediment
soapstone,2021-10-12T13:00:00Z,5.257,sediment
soapstone,2021-10-12T14:00:00Z,5.514,sediment
soapstone,2021-10-12T15:00:00Z,5.334,sediment
soapstone,2021-10-12T16:00:00Z,5.642,sediment
soapstone,2021-10-12T17:00:00Z,6.484,sediment
soapstone,2021-10-12T18:00:00Z,6.458,sediment
soapstone,2021-10-12T19:00:00Z,6.179,sediment
soapstone,2021-10-12T20:00:00Z,6.255,sediment
soapstone,2021-10-12T21:00:00Z,6.357,sediment
soapstone,2021-10-12T22:00:00Z,6.458,sediment
soapstone,2021-10-12T23:00:00Z,6.585,sediment
soapstone,2021-10-13T00:00:00Z,6.661,sediment
soapstone,2021-10-13T01:00:00Z,6.535,sediment
soapstone,2021-10-13T02:00:00Z,6.56,sediment
soapstone,2021-10-13T03:00:00Z,6.433,sediment
soapstone,2021-10-13T04:00:00Z,6.331,sediment
soapstone,2021-10-13T05:00:00Z,6.204,sediment
soapstone,2021-10-13T06:00:00Z,6.128,sediment
soapstone,2021-10-13T07:00:00Z,6.077,sediment
soapstone,2021-10-13T08:00:00Z,5.975,sediment
soapstone,2021-10-13T09:00:00Z,5.898,sediment
soapstone,2021-10-13T10:00:00Z,5.924,sediment
soapstone,2021-10-13T11:00:00Z,6.23,sediment
soapstone,2021-10-13T12:00:00Z,6.433,sediment
soapstone,2021-10-13T13:00:00Z,6.712,sediment
soapstone,2021-10-13T14:00:00Z,7.015,sediment
soapstone,2021-10-13T15:00:00Z,7.015,sediment
soapstone,2021-10-13T16:00:00Z,7.318,sediment
soapstone,2021-10-13T17:00:00Z,7.645,sediment
soapstone,2021-10-13T18:00:00Z,7.795,sediment
soapstone,2021-10-13T19:00:00Z,7.82,sediment
soapstone,2021-10-13T20:00:00Z,7.67,sediment
soapstone,2021-10-13T21:00:00Z,7.393,sediment
soapstone,2021-10-13T22:00:00Z,7.066,sediment
soapstone,2021-10-13T23:00:00Z,6.712,sediment
soapstone,2021-10-14T00:00:00Z,6.382,sediment
soapstone,2021-10-14T01:00:00Z,6.077,sediment
soapstone,2021-10-14T02:00:00Z,5.872,sediment
soapstone,2021-10-14T03:00:00Z,5.514,sediment
soapstone,2021-10-14T04:00:00Z,5.282,sediment
soapstone,2021-10-14T05:00:00Z,4.766,sediment
soapstone,2021-10-14T06:00:00Z,4.584,sediment
soapstone,2021-10-14T07:00:00Z,4.35,sediment
soapstone,2021-10-14T08:00:00Z,4.272,sediment
soapstone,2021-10-14T09:00:00Z,4.194,sediment
soapstone,2021-10-14T10:00:00Z,4.324,sediment
